{
  "$schema": "./node_modules/@angular/cli/lib/config/schema.json",
  "project": {
    "name": "mesh-angular-example"
  },
  "apps": [
    {
      "root": "src",
      "outDir": "dist",
      "baseHref": "/demo/",
      "assets": [
        "favicon.png"
      ],
      "index": "index.html",
      "main": "main.ts",
      "polyfills": "polyfills.ts",
      "tsconfig": "tsconfig.app.json",
      "prefix": "demo",
      "styles": [
        "styles.css",
        "../node_modules/bootstrap/dist/css/bootstrap.min.css"
      ],
      "scripts": [],
      "environmentSource": "environments/environment.ts",
      "environments": {
        "dev": "environments/environment.ts",
        "prod": "environments/environment.prod.ts"
      }
    }
  ],
  "lint": [
    {
      "project": "src/tsconfig.app.json",
      "exclude": "**/node_modules/**"
    }
  ],
  "defaults": {
    "styleExt": "css",
    "class": {
      "spec": false
    },
    "component": {
      "spec": false
    },
    "directive": {
      "spec": false
    },
    "guard": {
      "spec": false
    },
    "module": {
      "spec": false
    },
    "pipe": {
      "spec": false
    },
    "serve": {
      "port": 3000
    },
    "service": {
      "spec": false
    }
  }
}
